{"hist": {"(4,)": [-0.001696842837251511, -0.06693914128949123, 0.050583188688002614], "(3, 4)": [[0.02718013852966933, -0.12566609752046137, -0.004620891618581347], [0.06901086187835036, 0.06901086187835036, 0.06901086187835036]], "(4, 6)": [[-0.008292482648760775, 0.045238439487393714], [-0.008292482648760775, 0.045238439487393714], [-0.04465076449231779, 0.045238439487393714]], "(0, 4)": [[-0.07448608805158202, -0.07448608805158202, 0.05113932061033247], [-0.006041019375081843, -0.006041019375081843, 0.05113932061033247]]}, "splitting_values": {"4": [-3.0, 1.5000000000000002, 2.5000000000000004, 9.0], "3": [-252.5, 3.5000000000000004, 757.5], "6": [-0.5, 1.0000000180025095e-35, 1.5], "0": [-2.0, 1.5000000000000002, 6.0]}}